score,member,similarity_score,audience,pc1,pc2,pc3
0.3040469288825989,AUD0_0001,0.9535042643547058,Audience 0,-0.0026283052284270525,-0.008074920624494553,0.007123367860913277
0.30423879623413086,AUD0_0002,0.9533121585845947,Audience 0,-0.0028390742372721434,-0.006162845995277166,0.009013380855321884
0.30430838465690613,AUD0_0003,0.9531506299972534,Audience 0,-0.002796981716528535,-0.013203446753323078,0.009811130352318287
0.30410584807395935,AUD0_0004,0.9530892968177795,Audience 0,-0.0025431858375668526,-0.013652500696480274,0.003954444080591202
0.3039323091506958,AUD0_0005,0.9534120559692383,Audience 0,-0.00246232096105814,-0.00999318528920412,0.004584431182593107
0.304400235414505,AUD0_0006,0.95316082239151,Audience 0,-0.002842213027179241,-0.013312076218426228,0.0036496897228062153
0.3050418794155121,AUD0_0007,0.9530366063117981,Audience 0,-0.003498456673696637,-0.014317406341433525,0.009801933541893959
0.3044482171535492,AUD0_0008,0.9531904458999634,Audience 0,-0.0029914062470197678,-0.010874015279114246,0.009807130321860313
0.30619555711746216,AUD0_0009,0.9527246356010437,Audience 0,-0.00452487962320447,-0.01158958300948143,0.019972875714302063
0.3034019470214844,AUD0_0010,0.9536410570144653,Audience 0,-0.0018176395678892732,0.005486813839524984,0.011197132989764214
0.3012731075286865,AUD0_0011,0.9542158246040344,Audience 0,0.00044920999789610505,0.008767225779592991,0.005949942395091057
0.3011683523654938,AUD0_0012,0.9542622566223145,Audience 0,0.00038207820034585893,-0.0066214571706950665,-0.0005696598091162741
0.3024108409881592,AUD0_0013,0.9539089798927307,Audience 0,-0.0008575754472985864,-0.012188314460217953,0.0024412309285253286
0.3008437156677246,AUD0_0014,0.954406201839447,Audience 0,0.0008661182946525514,-0.010633115656673908,-0.003578993957489729
0.3011198937892914,AUD0_0015,0.9543611407279968,Audience 0,0.0005888422601856291,-0.009115324355661869,-0.0041494290344417095
0.30196622014045715,AUD0_0016,0.9540647864341736,Audience 0,6.424342427635565e-05,-0.010946400463581085,-0.00970770325511694
0.3013949394226074,AUD0_0017,0.9542703032493591,Audience 0,0.00030533462995663285,-0.008049167692661285,-0.0042601642198860645
0.3016984760761261,AUD0_0018,0.9541248083114624,Audience 0,1.549032640468795e-05,-0.006957960780709982,-0.004785970784723759
0.3036915957927704,AUD0_0019,0.953600287437439,Audience 0,-0.002245656680315733,-0.009193607605993748,0.005519327241927385
0.3040701448917389,AUD0_0020,0.9535337686538696,Audience 0,-0.002637185389176011,-0.009085631929337978,0.006786220241338015
0.30232274532318115,AUD0_0021,0.9540772438049316,Audience 0,-0.0008617412531748414,-0.005583248566836119,0.002707024570554495
0.30293527245521545,AUD0_0022,0.9537806510925293,Audience 0,-0.0015055601252242923,-0.004787617828696966,0.004444018006324768
0.30322447419166565,AUD0_0023,0.9537479877471924,Audience 0,-0.0017919918755069375,-0.00897508580237627,0.006656938698142767
0.30302664637565613,AUD0_0024,0.9538322687149048,Audience 0,-0.001571083557792008,-0.00572508480399847,0.00299074943177402
0.3031826913356781,AUD0_0025,0.9537926912307739,Audience 0,-0.0017455238848924637,-0.005461903288960457,0.003989142831414938
0.3029528856277466,AUD0_0026,0.9538501501083374,Audience 0,-0.001467893016524613,-0.005512916017323732,0.0016139628132805228
0.30358603596687317,AUD0_0027,0.9537049531936646,Audience 0,-0.0021717615891247988,-0.007121209055185318,0.006527981720864773
0.3035570979118347,AUD0_0028,0.9537134170532227,Audience 0,-0.0021426219027489424,-0.0061730435118079185,0.005892445798963308
0.30388352274894714,AUD0_0029,0.9535738229751587,Audience 0,-0.0024477948900312185,-0.007953964173793793,0.012659652158617973
0.303898423910141,AUD0_0030,0.9535753726959229,Audience 0,-0.0024315023329108953,-0.011288695968687534,0.0075399684719741344
0.3014458119869232,AUD0_0031,0.9543052911758423,Audience 0,1.1764478585973848e-05,-0.009038574993610382,0.004475135821849108
0.30252450704574585,AUD0_0032,0.9539856314659119,Audience 0,-0.0010968545684590936,-0.007898478768765926,0.005790992174297571
0.30231285095214844,AUD0_0033,0.9539024829864502,Audience 0,-0.0008364670211449265,-0.011441342532634735,0.006574889179319143
0.30205997824668884,AUD0_0034,0.9540953040122986,Audience 0,-0.0005323720979504287,-0.011134845204651356,0.002549804048612714
0.30259570479393005,AUD0_0035,0.953957200050354,Audience 0,-0.0011021282989531755,-0.009581789374351501,0.0028362073935568333
0.3027537763118744,AUD0_0036,0.9539017677307129,Audience 0,-0.0012118947925046086,-0.010010628961026669,0.0010317511623725295
0.30217692255973816,AUD0_0037,0.9540947675704956,Audience 0,-0.0007034316658973694,-0.009686515666544437,0.004048505332320929
0.302089124917984,AUD0_0038,0.9541479349136353,Audience 0,-0.0006257522036321461,-0.009184109047055244,0.00421667005866766
0.3051450550556183,AUD0_0039,0.9530613422393799,Audience 0,-0.003616881789639592,-0.013284491375088692,0.01203810703009367
0.30508774518966675,AUD0_0040,0.9532213807106018,Audience 0,-0.0034922994673252106,-0.015074540860950947,0.0046687680296599865
0.3034144341945648,AUD0_0041,0.9537327289581299,Audience 0,-0.001829135580919683,-0.012575575150549412,0.0014379717176780105
0.303754597902298,AUD0_0042,0.9535982608795166,Audience 0,-0.0022236588411033154,-0.011843995191156864,0.0031177562195807695
0.3041481673717499,AUD0_0043,0.953454315662384,Audience 0,-0.002574249403551221,-0.014268743805587292,0.004408485721796751
0.3039631247520447,AUD0_0044,0.9533366560935974,Audience 0,-0.002279198495671153,-0.015115519985556602,0.0005050411564297974
0.30326464772224426,AUD0_0045,0.9537572860717773,Audience 0,-0.0016138645587489009,-0.013381889089941978,-0.0001758508587954566
0.303716778755188,AUD0_0046,0.9536312222480774,Audience 0,-0.0019538565538823605,-0.015392560511827469,-0.0017110271146520972
0.30418840050697327,AUD0_0047,0.953529953956604,Audience 0,-0.002600177889689803,-0.013682044111192226,0.002609852934256196
0.30381372570991516,AUD0_0048,0.9536088705062866,Audience 0,-0.002223050454631448,-0.013487156480550766,0.00224471976980567
0.30466026067733765,AUD0_0049,0.9533035755157471,Audience 0,-0.0031572512816637754,-0.012947211042046547,0.008942614309489727
0.303147554397583,AUD0_0050,0.9538711905479431,Audience 0,-0.0016256566159427166,-0.011863813735544682,0.003655459266155958
0.3026665449142456,AUD0_0051,0.9540387392044067,Audience 0,-0.0011088072787970304,-0.01001384574919939,0.0004465387319214642
0.3026476204395294,AUD0_0052,0.954016923904419,Audience 0,-0.0011513341451063752,-0.008977542631328106,0.0022895827423781157
0.3038545846939087,AUD0_0053,0.9536745548248291,Audience 0,-0.002305501839146018,-0.012354057282209396,0.002804464427754283
0.30302613973617554,AUD0_0054,0.9539265632629395,Audience 0,-0.0013679248513653874,-0.011963323689997196,-0.0015303232939913869
0.30305179953575134,AUD0_0055,0.9538524150848389,Audience 0,-0.0014695003628730774,-0.010490290820598602,-0.00012076779239578173
0.3036539554595947,AUD0_0056,0.9537480473518372,Audience 0,-0.0019675891380757093,-0.01146317645907402,-0.0026337155140936375
0.3034237325191498,AUD0_0057,0.9538106918334961,Audience 0,-0.0018718558130785823,-0.011173531413078308,0.0014886537101119757
0.30331650376319885,AUD0_0058,0.9538678526878357,Audience 0,-0.0017787979450076818,-0.01125116366893053,0.002169214654713869
0.3051247298717499,AUD0_0059,0.9532538056373596,Audience 0,-0.003660242771729827,-0.011287515051662922,0.008169472217559814
0.304471492767334,AUD0_0060,0.9534536004066467,Audience 0,-0.0029023000970482826,-0.013048293069005013,0.0026720778550952673
0.30268973112106323,AUD0_0061,0.9539841413497925,Audience 0,-0.0010835399152711034,-0.011282441206276417,-0.00038637136458419263
0.3031541407108307,AUD0_0062,0.9537432193756104,Audience 0,-0.0016210307367146015,-0.009971731342375278,0.0013454803265631199
0.3039279282093048,AUD0_0063,0.9535146951675415,Audience 0,-0.0023019115906208754,-0.014870109036564827,0.0025616735219955444
0.3033585250377655,AUD0_0064,0.9537162184715271,Audience 0,-0.001590572646819055,-0.013256384991109371,-0.0035749063827097416
0.3051516115665436,AUD0_0065,0.9531563520431519,Audience 0,-0.003505753120407462,-0.01350331585854292,5.533700095838867e-05
0.30378541350364685,AUD0_0066,0.9534932374954224,Audience 0,-0.0020470444578677416,-0.013850349001586437,-0.002401233883574605
0.3050110936164856,AUD0_0067,0.9531594514846802,Audience 0,-0.003421899862587452,-0.013298195786774158,0.0020399782806634903
0.30379995703697205,AUD0_0068,0.9536522030830383,Audience 0,-0.002238990506157279,-0.011822438798844814,0.0016870214603841305
0.30525851249694824,AUD0_0069,0.9531570672988892,Audience 0,-0.0037228423170745373,-0.014058001339435577,0.007891681976616383
0.3054049611091614,AUD0_0070,0.9531346559524536,Audience 0,-0.003915884532034397,-0.012393149547278881,0.008381196297705173
0.30339595675468445,AUD0_0071,0.9536056518554688,Audience 0,-0.001840562792494893,0.0048794373869895935,0.008615469560027122
0.30404195189476013,AUD0_0072,0.9534653425216675,Audience 0,-0.0025953331496566534,-0.010002287104725838,0.006831666454672813
0.3040910065174103,AUD0_0073,0.9534846544265747,Audience 0,-0.0026157493703067303,-0.011640600860118866,0.0073685976676642895
0.30375951528549194,AUD0_0074,0.9534912109375,Audience 0,-0.002209649421274662,-0.012859271839261055,0.0034398240968585014
0.3055194318294525,AUD0_0075,0.9530175924301147,Audience 0,-0.00403583375737071,-0.011676115915179253,0.006215671077370644
0.3045419454574585,AUD0_0076,0.9533448219299316,Audience 0,-0.00295436498709023,-0.013416673988103867,0.0022747579496353865
0.30496078729629517,AUD0_0077,0.9531040191650391,Audience 0,-0.0034988478291779757,-0.01063091866672039,0.006265767849981785
0.3044549226760864,AUD0_0078,0.953376054763794,Audience 0,-0.0030018978286534548,-0.010512341745197773,0.007236842531710863
0.30687767267227173,AUD0_0079,0.9525656700134277,Audience 0,-0.005246075801551342,-0.015371170826256275,0.014763128943741322
0.3043125867843628,AUD0_0080,0.953467071056366,Audience 0,-0.002798504428938031,-0.012818533927202225,0.005932965315878391
0.30341029167175293,AUD0_0081,0.9537602663040161,Audience 0,-0.001900738338008523,-0.011265324428677559,0.003602963639423251
0.30367669463157654,AUD0_0082,0.9536445140838623,Audience 0,-0.0021930483635514975,-0.010758248157799244,0.004594090860337019
0.3034563362598419,AUD0_0083,0.9537354707717896,Audience 0,-0.0019435457652434707,-0.012453879229724407,0.005232592113316059
0.3029480278491974,AUD0_0084,0.9538248777389526,Audience 0,-0.0014097446110099554,-0.011566984467208385,0.0024618390016257763
0.30393075942993164,AUD0_0085,0.9536277055740356,Audience 0,-0.0023848533164709806,-0.01201817486435175,0.002563541056588292
0.3031383752822876,AUD0_0086,0.9538103938102722,Audience 0,-0.001577558577992022,-0.011195262894034386,0.0011531640775501728
0.3033227026462555,AUD0_0087,0.9537134170532227,Audience 0,-0.0018307026475667953,-0.010892791673541069,0.004213857930153608
0.3036736249923706,AUD0_0088,0.9536144137382507,Audience 0,-0.0021881654392927885,-0.010985339060425758,0.0047879889607429504
0.3054119944572449,AUD0_0089,0.9530908465385437,Audience 0,-0.003886015387251973,-0.013609291054308414,0.010651442222297192
0.3061152696609497,AUD0_0090,0.9528771638870239,Audience 0,-0.004600122570991516,-0.010478518903255463,0.015313447453081608
0.30409231781959534,AUD0_0091,0.9534803628921509,Audience 0,-0.002304622670635581,0.00917294155806303,0.01512379664927721
0.3050025999546051,AUD0_0092,0.953234076499939,Audience 0,-0.003208860056474805,0.00900054257363081,0.015823761001229286
0.3050902187824249,AUD0_0093,0.953181266784668,Audience 0,-0.0036176019348204136,-0.009935479611158371,0.013453967869281769
0.3045671880245209,AUD0_0094,0.9533204436302185,Audience 0,-0.0031387866474688053,-0.009127969853579998,0.010031327605247498
0.30586111545562744,AUD0_0095,0.9529101848602295,Audience 0,-0.004218685440719128,0.0061151194386184216,0.014207885600626469
0.305154949426651,AUD0_0096,0.9530937671661377,Audience 0,-0.0035580697003751993,0.005746624432504177,0.011747803539037704
0.30590248107910156,AUD0_0097,0.9528712630271912,Audience 0,-0.004245948977768421,0.005160474218428135,0.016444126144051552
0.30531665682792664,AUD0_0098,0.9531000852584839,Audience 0,-0.0035425913520157337,0.008459075354039669,0.016036825254559517
0.306729257106781,AUD0_0099,0.9525055289268494,Audience 0,-0.0047250306233763695,0.007221778389066458,0.023877648636698723
0.30596479773521423,AUD0_0100,0.9528130888938904,Audience 0,-0.00448019802570343,-0.007919058203697205,0.0022154951002448797
0.304214745759964,AUD0_0101,0.9534552097320557,Audience 0,-0.0024487089831382036,0.00928266067057848,0.004118253942579031
0.30419036746025085,AUD0_0102,0.953345537185669,Audience 0,-0.002693725982680917,-0.004589333664625883,0.001111794961616397
0.3049081265926361,AUD0_0103,0.9532280564308167,Audience 0,-0.003225828753784299,0.00802102405577898,0.006342654582113028
0.30529657006263733,AUD0_0104,0.9530984163284302,Audience 0,-0.003710470162332058,-0.009321462363004684,-0.0009085004567168653
0.30430203676223755,AUD0_0105,0.9534419775009155,Audience 0,-0.002747675869613886,-0.00768940569832921,-0.0004933786694891751
0.30478715896606445,AUD0_0106,0.9533158540725708,Audience 0,-0.0031748462934046984,-0.007769516669213772,-0.002203645184636116
0.30532196164131165,AUD0_0107,0.9531517028808594,Audience 0,-0.003841688623651862,-0.008166179060935974,0.00254535349085927
0.30516648292541504,AUD0_0108,0.9531964659690857,Audience 0,-0.0036626365035772324,-0.008390732109546661,0.0016030032420530915
0.3062177002429962,AUD0_0109,0.9528322219848633,Audience 0,-0.004811329301446676,-0.006846623960882425,0.010282892733812332
0.304058313369751,AUD0_0110,0.9534403085708618,Audience 0,-0.002576787956058979,-0.0028249851893633604,0.0020349693950265646
0.3023567199707031,AUD0_0111,0.9538137316703796,Audience 0,-0.00011851016461150721,0.016382655128836632,0.0015186989912763238
0.3020164668560028,AUD0_0112,0.9540694952011108,Audience 0,0.00027808305458165705,0.016537155956029892,-0.00011677742440951988
0.3027856945991516,AUD0_0113,0.9538043737411499,Audience 0,-0.0006524011841975152,0.01418874692171812,-7.34986606403254e-05
0.30190858244895935,AUD0_0114,0.9540859460830688,Audience 0,0.0003382213180884719,0.013106660917401314,-0.004807541612535715
0.3027589023113251,AUD0_0115,0.9538926482200623,Audience 0,-0.00044284338946454227,0.013935904949903488,-0.005263638682663441
0.3025098741054535,AUD0_0116,0.9539645910263062,Audience 0,0.00011675020505208522,0.01511838287115097,-0.009579705074429512
0.3023737072944641,AUD0_0117,0.9539971351623535,Audience 0,1.9905728549929336e-05,0.015325414948165417,-0.004967645276337862
0.3022291362285614,AUD0_0118,0.9541105031967163,Audience 0,0.00017245116760022938,0.01579168066382408,-0.004431289620697498
0.3036021888256073,AUD0_0119,0.9536817073822021,Audience 0,-0.0014177196426317096,0.01594294235110283,0.0023761214688420296
0.3037654161453247,AUD0_0120,0.9535912871360779,Audience 0,-0.0020527758169919252,-0.004437618888914585,-0.004946703091263771
0.30122557282447815,AUD0_0121,0.9544745683670044,Audience 0,0.0010242679854854941,0.014545970596373081,-0.0027003262657672167
0.30175676941871643,AUD0_0122,0.9541447162628174,Audience 0,1.8647375327418558e-05,-0.0014029655139893293,-0.005805136635899544
0.3020462095737457,AUD0_0123,0.9542073011398315,Audience 0,-1.6075067605925142e-06,0.013356957584619522,0.001347280340269208
0.3017728328704834,AUD0_0124,0.9543030261993408,Audience 0,-4.64614131487906e-05,-0.0026401157956570387,-0.005021559540182352
0.3018256723880768,AUD0_0125,0.9542806148529053,Audience 0,0.0003028534119948745,0.013883356004953384,-0.00047176549560390413
0.30221500992774963,AUD0_0126,0.9541818499565125,Audience 0,5.613362372969277e-05,0.014544906094670296,-0.003312713699415326
0.30241402983665466,AUD0_0127,0.9541223049163818,Audience 0,-0.0002796042535919696,0.014210950583219528,-3.3837124647106975e-05
0.30194181203842163,AUD0_0128,0.9542579054832458,Audience 0,0.0002466146252118051,0.014833834953606129,-0.0004516703775152564
0.3034093976020813,AUD0_0129,0.953783392906189,Audience 0,-0.0013480655616149306,0.014977916143834591,0.006269074510782957
0.30496156215667725,AUD0_0130,0.9533389806747437,Audience 0,-0.003389586927369237,-0.0077167777344584465,-0.0010515856556594372
0.3022112250328064,AUD0_0131,0.9541895389556885,Audience 0,-0.0005548050394281745,-0.0049023861065506935,-0.0036299049388617277
0.3026437759399414,AUD0_0132,0.9540498852729797,Audience 0,-0.0010189361637458205,-0.005599922966212034,-0.0028313850052654743
0.3027762174606323,AUD0_0133,0.9539323449134827,Audience 0,-0.001175097655504942,-0.007270759902894497,-0.0019741172436624765
0.303049236536026,AUD0_0134,0.9539345502853394,Audience 0,-0.0013122220989316702,-0.008956125006079674,-0.004881998058408499
0.302555650472641,AUD0_0135,0.9540888071060181,Audience 0,-0.0008458005613647401,-0.006860390305519104,-0.004728516563773155
0.30213528871536255,AUD0_0136,0.954203724861145,Audience 0,-0.0003185171808581799,-0.006349634844809771,-0.006967630237340927
0.3023776113986969,AUD0_0137,0.9541244506835938,Audience 0,-0.0006961102481000125,-0.005429012700915337,-0.004214857239276171
0.3027608394622803,AUD0_0138,0.9540272951126099,Audience 0,-0.0010800048476085067,-0.0068947202526032925,-0.004067573696374893
0.30315086245536804,AUD0_0139,0.9538541436195374,Audience 0,-0.0016556230839341879,-0.00615665502846241,0.0012735892087221146
0.303729772567749,AUD0_0140,0.9536367654800415,Audience 0,-0.0018327091820538044,-0.008613714016973972,-0.008136116899549961
0.30178946256637573,AUD0_0141,0.9543060064315796,Audience 0,9.460324508836493e-05,-0.005602639634162188,-0.00823662057518959
0.3018302023410797,AUD0_0142,0.9542548060417175,Audience 0,-1.1105891644547228e-05,-0.0036109581124037504,-0.007014962378889322
0.3021848499774933,AUD0_0143,0.9541465044021606,Audience 0,-0.0004343791224528104,-0.006391285452991724,-0.005648835562169552
0.30188214778900146,AUD0_0144,0.9541723728179932,Audience 0,4.2488780309213325e-05,-0.006590173114091158,-0.008873697370290756
0.30230721831321716,AUD0_0145,0.9541531801223755,Audience 0,-0.00038230541395023465,-0.005565618630498648,-0.00895780511200428
0.3022986352443695,AUD0_0146,0.9541788101196289,Audience 0,-0.00025185442063957453,-0.006397750694304705,-0.010866520926356316
0.30281707644462585,AUD0_0147,0.953976035118103,Audience 0,-0.0009820798877626657,-0.006031126715242863,-0.007354543544352055
0.30182310938835144,AUD0_0148,0.9542638659477234,Audience 0,3.7674602936021984e-05,-0.0056481314823031425,-0.007820752449333668
0.30343306064605713,AUD0_0149,0.9537318348884583,Audience 0,-0.0019025092478841543,-0.005280422046780586,-0.00010296811524312943
0.3038080036640167,AUD0_0150,0.9536998271942139,Audience 0,-0.0020189471542835236,-0.00795806385576725,-0.006237892899662256
0.3027108907699585,AUD0_0151,0.9540435075759888,Audience 0,-0.0007688921759836376,-0.006389809772372246,-0.00920799933373928
0.30224958062171936,AUD0_0152,0.954157829284668,Audience 0,-0.000391268462408334,-0.005095138680189848,-0.007803732994943857
0.3022703230381012,AUD0_0153,0.954149603843689,Audience 0,-0.00043658341746777296,-0.007261942606419325,-0.007184647489339113
0.30243101716041565,AUD0_0154,0.9541336894035339,Audience 0,-0.0003931587270926684,-0.008678322657942772,-0.010426771827042103
0.30250635743141174,AUD0_0155,0.9540705680847168,Audience 0,-0.0005756855243816972,-0.007576990872621536,-0.008874381892383099
0.3023078739643097,AUD0_0156,0.954201340675354,Audience 0,-0.00021296727936714888,-0.00638007465749979,-0.01158988755196333
0.30278703570365906,AUD0_0157,0.9540272951126099,Audience 0,-0.0009044965263456106,-0.006712548900395632,-0.00815755594521761
0.3023289442062378,AUD0_0158,0.9541723132133484,Audience 0,-0.0004699599521700293,-0.0071093118749558926,-0.007674102205783129
0.3029484450817108,AUD0_0159,0.9539462327957153,Audience 0,-0.0013410410610958934,-0.005997384432703257,-0.002347296569496393
0.303192138671875,AUD0_0160,0.953728199005127,Audience 0,-0.0005162451998330653,-0.006755727808922529,-0.01887020841240883
0.30035829544067383,AUD0_0161,0.9546384811401367,Audience 0,0.002581210108473897,0.01041571144014597,-0.017364682629704475
0.3015090823173523,AUD0_0162,0.954216718673706,Audience 0,0.0012506217462942004,-0.004644532222300768,-0.019744785502552986
0.30164381861686707,AUD0_0163,0.9543194770812988,Audience 0,0.0008416548953391612,-0.006776213645935059,-0.016646727919578552
0.3014715611934662,AUD0_0164,0.9543659687042236,Audience 0,0.001433325232937932,-0.007160427048802376,-0.021143436431884766
0.3008972704410553,AUD0_0165,0.9545595645904541,Audience 0,0.001945127616636455,-0.006499893963336945,-0.02052747644484043
0.3017188012599945,AUD0_0166,0.9542560577392578,Audience 0,0.0012462267186492682,-0.00611798046156764,-0.02180924080312252
0.30141589045524597,AUD0_0167,0.9543436765670776,Audience 0,0.0014121687272563577,-0.005462362430989742,-0.020444350317120552
0.30119508504867554,AUD0_0168,0.9543980360031128,Audience 0,0.0016756471013650298,0.010628176853060722,-0.016488807275891304
0.3022558391094208,AUD0_0169,0.9541070461273193,Audience 0,-0.00011252627882640809,-0.005966006312519312,-0.012313173152506351
0.3010324239730835,AUD0_0170,0.9543960094451904,Audience 0,0.0011854987824335694,-0.005469679832458496,-0.013321966864168644
0.2992691695690155,AUD0_0171,0.9549534320831299,Audience 0,0.003404273884370923,0.012285261414945126,-0.012710425071418285
0.29944998025894165,AUD0_0172,0.954931378364563,Audience 0,0.0028104514349251986,-0.002164152916520834,-0.013668494299054146
0.2993696630001068,AUD0_0173,0.9549106359481812,Audience 0,0.002845973940566182,-0.004317078273743391,-0.01322837732732296
0.2984810769557953,AUD0_0174,0.9551995992660522,Audience 0,0.003986230585724115,-0.004133407026529312,-0.01635497622191906
0.30011650919914246,AUD0_0175,0.9547022581100464,Audience 0,0.0025191993918269873,0.012274090200662613,-0.012242157943546772
0.29900410771369934,AUD0_0176,0.95500648021698,Audience 0,0.004199050832539797,0.013117111288011074,-0.01852869987487793
0.29977768659591675,AUD0_0177,0.9547501802444458,Audience 0,0.0028059890028089285,0.012088693678379059,-0.011628137901425362
0.2994655668735504,AUD0_0178,0.9549121260643005,Audience 0,0.0032965177670121193,0.013173099607229233,-0.01321490854024887
0.30033451318740845,AUD0_0179,0.9546241164207458,Audience 0,0.001976180821657181,0.012681994587182999,-0.006549079902470112
0.3013729751110077,AUD0_0180,0.9543027877807617,Audience 0,0.0008638438303023577,0.010866655968129635,-0.007124252617359161
0.29969462752342224,AUD0_0181,0.9548550248146057,Audience 0,0.0023784665390849113,-0.003762476611882448,-0.011197909712791443
0.3003925085067749,AUD0_0182,0.9546115398406982,Audience 0,0.001654495601542294,-0.003684940980747342,-0.010824131779372692
0.30020245909690857,AUD0_0183,0.9546570777893066,Audience 0,0.0017884646076709032,-0.00497007230296731,-0.00998601596802473
0.30009159445762634,AUD0_0184,0.9547141790390015,Audience 0,0.0020452309399843216,-0.005188279319554567,-0.01216973178088665
0.3003239333629608,AUD0_0185,0.9546756744384766,Audience 0,0.0018195946468040347,-0.004190362989902496,-0.012261854484677315
0.3001444935798645,AUD0_0186,0.9547112584114075,Audience 0,0.0025216371286660433,0.01238657534122467,-0.012579861097037792
0.300493448972702,AUD0_0187,0.9546271562576294,Audience 0,0.0016000107862055302,-0.0034657325595617294,-0.011507103219628334
0.29941508173942566,AUD0_0188,0.954882025718689,Audience 0,0.0027572426479309797,-0.0035140523687005043,-0.012600034475326538
0.30075007677078247,AUD0_0189,0.9544726610183716,Audience 0,0.0014203275786712766,0.01260837446898222,-0.0036607414949685335
0.3044183552265167,AUD0_0190,0.9533905386924744,Audience 0,-0.00244212057441473,0.012590165250003338,0.002119059907272458
0.302814781665802,AUD0_0191,0.9539464712142944,Audience 0,-0.0005880255484953523,0.014527939260005951,-0.0022360961884260178
0.30372902750968933,AUD0_0192,0.9536457061767578,Audience 0,-0.0015859316335991025,0.014009082689881325,-0.0008323929505422711
0.30312085151672363,AUD0_0193,0.9538224935531616,Audience 0,-0.0010567988501861691,0.013017199002206326,-0.00018530951638240367
0.30345168709754944,AUD0_0194,0.9536517858505249,Audience 0,-0.0017021202947944403,-0.005056247115135193,-0.005733616650104523
0.30353331565856934,AUD0_0195,0.9536824226379395,Audience 0,-0.0017599673010408878,-0.003971080761402845,-0.006192242726683617
0.3034208118915558,AUD0_0196,0.9537312984466553,Audience 0,-0.0010320330038666725,0.013866942375898361,-0.006862096954137087
0.3032589554786682,AUD0_0197,0.9538089036941528,Audience 0,-0.001008948078379035,0.014398264698684216,-0.003094242187216878
0.3034369647502899,AUD0_0198,0.9537122249603271,Audience 0,-0.0011664115590974689,0.01449273619800806,-0.003467921167612076
0.30382415652275085,AUD0_0199,0.9534937143325806,Audience 0,-0.0016923034563660622,0.015522601082921028,0.003576108952984214
0.3063164949417114,AUD0_0200,0.9528166055679321,Audience 0,-0.004296188708394766,0.014546548947691917,0.007266330532729626
0.3035805821418762,AUD0_0201,0.9537255764007568,Audience 0,-0.0014070806792005897,0.016417620703577995,0.004928166046738625
0.30415549874305725,AUD0_0202,0.953457236289978,Audience 0,-0.0018973390106111765,0.017899444326758385,0.007298807613551617
0.3039649426937103,AUD0_0203,0.9535537958145142,Audience 0,-0.0018733589677140117,0.01560356467962265,0.008057204075157642
0.30417853593826294,AUD0_0204,0.953406810760498,Audience 0,-0.002130750799551606,0.014194798655807972,0.0033912556245923042
0.3045295178890228,AUD0_0205,0.953378438949585,Audience 0,-0.0024084432516247034,0.015523627400398254,0.004126950167119503
0.30355966091156006,AUD0_0206,0.953647792339325,Audience 0,-0.0014225346967577934,0.015219521708786488,0.002306533046066761
0.30467489361763,AUD0_0207,0.9533780813217163,Audience 0,-0.002588799223303795,0.015552081167697906,0.008239388465881348
0.30325308442115784,AUD0_0208,0.9537843465805054,Audience 0,-0.0011558161349967122,0.015483028255403042,0.00605107843875885
0.3051805794239044,AUD0_0209,0.9532430768013,Audience 0,-0.0029942013788968325,0.016253167763352394,0.014628925360739231
0.30342426896095276,AUD0_0210,0.9537768363952637,Audience 0,-0.0013771394733339548,0.014346453361213207,0.004090151749551296
0.30218857526779175,AUD0_0211,0.9541382193565369,Audience 0,0.00013408288941718638,0.017048794776201248,0.0001640787668293342
0.30272918939590454,AUD0_0212,0.9539532661437988,Audience 0,-0.00039017703966237605,0.017174458131194115,-0.00013676626258529723
0.3031542897224426,AUD0_0213,0.9538344144821167,Audience 0,-0.0009269879665225744,0.015415240079164505,-0.0005635072011500597
0.30190321803092957,AUD0_0214,0.954149603843689,Audience 0,-2.1763020413345657e-05,-4.462314609554596e-05,-0.007499197497963905
0.3027949929237366,AUD0_0215,0.9539580345153809,Audience 0,-0.00035287835635244846,0.01594676822423935,-0.0051313950680196285
0.3022441267967224,AUD0_0216,0.9541153907775879,Audience 0,0.00043166158138774335,0.016147766262292862,-0.00921436958014965
0.30229896306991577,AUD0_0217,0.9540892839431763,Audience 0,0.00019136593618895859,0.016632862389087677,-0.005092920269817114
0.30266204476356506,AUD0_0218,0.9539986848831177,Audience 0,-0.00019859497842844576,0.016995515674352646,-0.003928930964320898
0.3035838007926941,AUD0_0219,0.9537306427955627,Audience 0,-0.0012225486570969224,0.017877161502838135,0.0008266537333838642
0.3033669888973236,AUD0_0220,0.9538238048553467,Audience 0,-0.0011277127778157592,0.01687038503587246,0.002917763777077198
0.3033861517906189,AUD0_0221,0.9538419246673584,Audience 0,-0.0009145685471594334,0.01961771585047245,0.0018926209304481745
0.3033006489276886,AUD0_0222,0.9537808895111084,Audience 0,-0.0007093607564456761,0.021344061940908432,0.003108239034190774
0.30284008383750916,AUD0_0223,0.9539750814437866,Audience 0,-0.0004207879537716508,0.019456394016742706,0.00397998932749033
0.3024585545063019,AUD0_0224,0.9539796710014343,Audience 0,-0.0007764576002955437,0.0026673986576497555,-0.0018279470968991518
0.3035096228122711,AUD0_0225,0.9537755846977234,Audience 0,-0.0011354894377291203,0.018339669331908226,0.001724823610857129
0.3030455410480499,AUD0_0226,0.9539088010787964,Audience 0,-0.0005443758564069867,0.019386496394872665,9.131310071097687e-05
0.30305802822113037,AUD0_0227,0.9539120197296143,Audience 0,-0.000633991148788482,0.019483212381601334,0.0037805079482495785
0.3029882311820984,AUD0_0228,0.9539295434951782,Audience 0,-0.0005182285094633698,0.019856542348861694,0.0029430093709379435
0.30450958013534546,AUD0_0229,0.9534794688224792,Audience 0,-0.002111873123794794,0.019749034196138382,0.008709792047739029
0.3036430776119232,AUD0_0230,0.9537131786346436,Audience 0,-0.0015616838354617357,0.015245701186358929,0.005951667204499245
0.30193576216697693,AUD0_0231,0.9541867971420288,Audience 0,0.0003232552844565362,0.017206337302923203,0.003376713953912258
0.30264127254486084,AUD0_0232,0.9540109634399414,Audience 0,-0.0003797295212280005,0.017635291442275047,0.0051549808122217655
0.30306562781333923,AUD0_0233,0.9537657499313354,Audience 0,-0.0009572362760081887,0.015702812001109123,0.006541050039231777
0.3029184937477112,AUD0_0234,0.9539002776145935,Audience 0,-0.0007910928106866777,0.01522971224039793,0.0028825909830629826
0.3031654953956604,AUD0_0235,0.9538331031799316,Audience 0,-0.001024456461891532,0.015443597920238972,0.0028858117293566465
0.3029574751853943,AUD0_0236,0.953899621963501,Audience 0,-0.0007199677056632936,0.016574596986174583,0.002055003307759762
0.30344441533088684,AUD0_0237,0.953755259513855,Audience 0,-0.0012587064411491156,0.01658649742603302,0.004933475516736507
0.30330079793930054,AUD0_0238,0.9538209438323975,Audience 0,-0.001070239581167698,0.017090486362576485,0.004346812143921852
0.30415141582489014,AUD0_0239,0.9535379409790039,Audience 0,-0.0019221054390072823,0.01756272278726101,0.009398438967764378
0.3038293421268463,AUD0_0240,0.9535024762153625,Audience 0,-0.002255302621051669,-0.0012627769028767943,-0.0008160988800227642
0.3028867542743683,AUD0_0241,0.9538520574569702,Audience 0,-0.0005829160218127072,0.017114045098423958,0.0009406774770468473
0.303335040807724,AUD0_0242,0.9536646604537964,Audience 0,-0.0009468540083616972,0.018682174384593964,0.0022972016595304012
0.3035450577735901,AUD0_0243,0.9535857439041138,Audience 0,-0.0012818502727895975,0.017398983240127563,0.0036815847270190716
0.30317601561546326,AUD0_0244,0.9535472989082336,Audience 0,-0.0015307889552786946,0.0006174904992803931,-0.002057461766526103
0.30400383472442627,AUD0_0245,0.9534834623336792,Audience 0,-0.0017574317753314972,0.015972640365362167,-2.0433959434740245e-05
0.30348601937294006,AUD0_0246,0.9536382555961609,Audience 0,-0.001079325214959681,0.01774957776069641,-0.0010157341603189707
0.3039324879646301,AUD0_0247,0.9534978866577148,Audience 0,-0.0016100142383947968,0.017821073532104492,0.002202501054853201
0.3039582073688507,AUD0_0248,0.9534951448440552,Audience 0,-0.001580404699780047,0.018318621441721916,0.0014447999419644475
0.3048049211502075,AUD0_0249,0.9532431364059448,Audience 0,-0.002487830352038145,0.018724799156188965,0.007835254073143005
0.3051570653915405,AUD0_0250,0.9531747102737427,Audience 0,-0.003640529001131654,-0.0031597809866070747,0.0005333867738954723
0.30684173107147217,AUD1_0001,0.9527554512023926,Audience 1,-0.002415844239294529,0.024833528324961662,0.016356082633137703
0.3056958317756653,AUD1_0002,0.9530252814292908,Audience 1,-0.0013683030847460032,0.024622095748782158,0.014576554298400879
0.30485817790031433,AUD1_0003,0.9531662464141846,Audience 1,-0.0007171745528467,0.024767013266682625,0.008823650889098644
0.3043285012245178,AUD1_0004,0.9530953764915466,Audience 1,-0.000758546928409487,0.017625806853175163,0.009211542084813118
0.30437591671943665,AUD1_0005,0.9533236026763916,Audience 1,-0.00040654250187799335,0.021980296820402145,0.011282471008598804
0.3034152388572693,AUD1_0006,0.9534327387809753,Audience 1,0.00034777921973727643,0.017435630783438683,0.01477770321071148
0.30544227361679077,AUD1_0007,0.9530246257781982,Audience 1,-0.0017832483863458037,0.010645565576851368,0.02021856978535652
0.30553138256073,AUD1_0008,0.9530704021453857,Audience 1,-0.001278855837881565,0.015717847272753716,0.02466055005788803
0.3075557053089142,AUD1_0009,0.9522528052330017,Audience 1,-0.003945657052099705,0.006959403399378061,0.02184334211051464
0.30547159910202026,AUD1_0010,0.9531763792037964,Audience 1,-0.0013540091458708048,0.023931633681058884,0.010751152411103249
0.3069983422756195,AUD1_0011,0.9525967836380005,Audience 1,-0.003306933678686619,0.01993035338819027,0.007595039438456297
0.30631187558174133,AUD1_0012,0.9528156518936157,Audience 1,-0.0030646256636828184,0.014437726698815823,0.0007106760167516768
0.3062734007835388,AUD1_0013,0.9528694152832031,Audience 1,-0.002801499329507351,0.017734410241246223,-0.0018273291643708944
0.30561432242393494,AUD1_0014,0.9530134797096252,Audience 1,-0.0025299652479588985,0.010524296201765537,-0.004150445573031902
0.30557554960250854,AUD1_0015,0.953076958656311,Audience 1,-0.0021970937959849834,0.015053403563797474,-0.006611565127968788
0.3049754500389099,AUD1_0016,0.9531346559524536,Audience 1,-0.001682548550888896,0.013453538529574871,-0.006887929514050484
0.30458277463912964,AUD1_0017,0.9532752633094788,Audience 1,-0.0014457210199907422,0.012202275916934013,-0.001691628247499466
0.30550089478492737,AUD1_0018,0.9530872702598572,Audience 1,-0.002458378905430436,0.009912942536175251,-0.003201210405677557
0.30698662996292114,AUD1_0019,0.9526135921478271,Audience 1,-0.004028970375657082,0.008183284662663937,-0.002185730030760169
0.3050435185432434,AUD1_0020,0.9532878398895264,Audience 1,-0.0013524420792236924,0.020704373717308044,0.0027995333075523376
0.30616918206214905,AUD1_0021,0.9529565572738647,Audience 1,-0.0027344031259417534,0.01717126928269863,-0.0019852544646710157
0.305669367313385,AUD1_0022,0.9530212879180908,Audience 1,-0.0024222158826887608,0.013454584404826164,-0.0048950971104204655
0.3055863678455353,AUD1_0023,0.9531480669975281,Audience 1,-0.002342233434319496,0.01130022294819355,-0.009115179069340229
0.30522242188453674,AUD1_0024,0.9532187581062317,Audience 1,-0.001996847102418542,0.011820776388049126,-0.007637125439941883
0.30606943368911743,AUD1_0025,0.9529781937599182,Audience 1,-0.002879784209653735,0.010568997822701931,-0.008522712625563145
0.30661439895629883,AUD1_0026,0.9527734518051147,Audience 1,-0.00358697772026062,0.002992345718666911,-0.011227654293179512
0.305816650390625,AUD1_0027,0.9530141353607178,Audience 1,-0.0029277775902301073,0.006210260093212128,-0.0021817281376570463
0.30586326122283936,AUD1_0028,0.9530084133148193,Audience 1,-0.0029317180160433054,0.007582357618957758,-0.0017132156062871218
0.30707108974456787,AUD1_0029,0.9525430798530579,Audience 1,-0.0042879111133515835,0.001786985551007092,-0.0025951059069484472
0.30560582876205444,AUD1_0030,0.9530421495437622,Audience 1,-0.002318267710506916,0.011679436080157757,-0.009839929640293121
0.30588123202323914,AUD1_0031,0.9530097246170044,Audience 1,-0.0026445966213941574,0.008799307979643345,-0.011912999674677849
0.3055177628993988,AUD1_0032,0.9531526565551758,Audience 1,-0.002288823015987873,0.005668536759912968,-0.014161012135446072
0.30653664469718933,AUD1_0033,0.9527420997619629,Audience 1,-0.00318919587880373,0.004240584559738636,-0.017118722200393677
0.3052089810371399,AUD1_0034,0.9532312750816345,Audience 1,-0.0019444989738985896,0.002631270792335272,-0.016279317438602448
0.30583876371383667,AUD1_0035,0.9530911445617676,Audience 1,-0.002541306894272566,0.004287161398679018,-0.01620514690876007
0.30545899271965027,AUD1_0036,0.9531664848327637,Audience 1,-0.0021949270740151405,0.002685229992493987,-0.016260117292404175
0.3049427270889282,AUD1_0037,0.953273594379425,Audience 1,-0.0019809629302471876,0.0009111323161050677,-0.010463960468769073
0.3047735393047333,AUD1_0038,0.9533868432044983,Audience 1,-0.0017385949613526464,0.003671245649456978,-0.01097861211746931
0.3054761290550232,AUD1_0039,0.9530147314071655,Audience 1,-0.0025273109786212444,0.0019188871374353766,-0.009656611829996109
0.3042670488357544,AUD1_0040,0.9533677697181702,Audience 1,-0.0012793075293302536,0.008504519239068031,-0.003434122307226062
0.30697277188301086,AUD1_0041,0.9526642560958862,Audience 1,-0.004014613106846809,-0.0012303409166634083,-0.011042010970413685
0.3059494197368622,AUD1_0042,0.9529438018798828,Audience 1,-0.0029934195335954428,-0.0015800104010850191,-0.011030682362616062
0.30581966042518616,AUD1_0043,0.9530490636825562,Audience 1,-0.002730225445702672,-0.001122947782278061,-0.013987494632601738
0.306163489818573,AUD1_0044,0.9526734352111816,Audience 1,-0.003143820445984602,-0.0040534259751439095,-0.01270819641649723
0.30577197670936584,AUD1_0045,0.9530215263366699,Audience 1,-0.0025975857861340046,-0.0035395899321883917,-0.015818580985069275
0.3054306209087372,AUD1_0046,0.9531557559967041,Audience 1,-0.0023698967415839434,-0.0058758798986673355,-0.013409408740699291
0.3056456744670868,AUD1_0047,0.9531008005142212,Audience 1,-0.0028342059813439846,-0.006401071324944496,-0.006189154926687479
0.3055427670478821,AUD1_0048,0.9530695080757141,Audience 1,-0.002745640929788351,-0.00442006578668952,-0.006077910307794809
0.30556154251098633,AUD1_0049,0.9528948068618774,Audience 1,-0.0027779119554907084,-0.007399925962090492,-0.004268130287528038
0.305125892162323,AUD1_0050,0.9531617760658264,Audience 1,-0.0022323704324662685,0.006313128862529993,-0.0022718983236700296
0.30450400710105896,AUD1_0051,0.9533752799034119,Audience 1,-0.0015382430283352733,0.0076958551071584225,-0.004042951390147209
0.3045419752597809,AUD1_0052,0.9533928632736206,Audience 1,-0.0016432570992037654,0.0018751269672065973,-0.008102265186607838
0.3051409423351288,AUD1_0053,0.9532657265663147,Audience 1,-0.002165731508284807,0.0004370753886178136,-0.010993526317179203
0.30466991662979126,AUD1_0054,0.9533582925796509,Audience 1,-0.0017461288953199983,-0.0024078902788460255,-0.010271089151501656
0.30442988872528076,AUD1_0055,0.9533618688583374,Audience 1,-0.0014804344391450286,-0.0012165420921519399,-0.010763385333120823
0.304436594247818,AUD1_0056,0.9534554481506348,Audience 1,-0.0015334886265918612,-0.0030120390001684427,-0.009739821776747704
0.3050497770309448,AUD1_0057,0.9532808661460876,Audience 1,-0.0022585787810385227,-0.006353707984089851,-0.005271087866276503
0.30478283762931824,AUD1_0058,0.9533532857894897,Audience 1,-0.0020472933538258076,-0.003406740725040436,-0.0025357415433973074
0.3044036626815796,AUD1_0059,0.9534039497375488,Audience 1,-0.001674524275586009,-0.00527261383831501,-0.0013680463889613748
0.30662408471107483,AUD1_0060,0.9526918530464172,Audience 1,-0.003861040575429797,-0.006026184186339378,-0.0038770530372858047
0.30701744556427,AUD1_0061,0.9526061415672302,Audience 1,-0.004212761297821999,-0.008192067965865135,-0.004858012311160564
0.30486005544662476,AUD1_0062,0.9531562328338623,Audience 1,-0.0020709121599793434,-0.0056730229407548904,-0.00543196639046073
0.3076765537261963,AUD1_0063,0.9524133801460266,Audience 1,-0.004685667343437672,-0.011149092577397823,-0.009667076170444489
0.30595922470092773,AUD1_0064,0.9529143571853638,Audience 1,-0.0029758356977254152,-0.012531222775578499,-0.008232636377215385
0.305747926235199,AUD1_0065,0.9529816508293152,Audience 1,-0.0028099953196942806,-0.010238761082291603,-0.00865065585821867
0.30696871876716614,AUD1_0066,0.9524720907211304,Audience 1,-0.004014304839074612,-0.013279343023896217,-0.006331943441182375
0.3065730333328247,AUD1_0067,0.952743649482727,Audience 1,-0.003648423822596669,-0.014756964519619942,-0.0009049408254213631
0.3060007691383362,AUD1_0068,0.9529647827148438,Audience 1,-0.003109378507360816,-0.013921144418418407,4.782118048751727e-05
0.30633389949798584,AUD1_0069,0.952826976776123,Audience 1,-0.0033856951631605625,-0.015482938848435879,0.0019020400941371918
0.3085676431655884,AUD1_0070,0.9521777033805847,Audience 1,-0.005597411654889584,-0.013459187932312489,0.008638915605843067
0.3089706301689148,AUD1_0071,0.9520235657691956,Audience 1,-0.005971382837742567,-0.015356513671576977,0.0069773499853909016
0.3083077073097229,AUD1_0072,0.9522100687026978,Audience 1,-0.005314243026077747,-0.015673533082008362,0.005939524620771408
0.3088425397872925,AUD1_0073,0.9520584344863892,Audience 1,-0.0058158696629107,-0.017403075471520424,0.0020175299141556025
0.30716878175735474,AUD1_0074,0.9525091648101807,Audience 1,-0.004128019791096449,-0.017515402287244797,0.00330627104267478
0.30804359912872314,AUD1_0075,0.9523334503173828,Audience 1,-0.005106507800519466,-0.014868994243443012,0.003941155504435301
0.3071490526199341,AUD1_0076,0.9526208639144897,Audience 1,-0.004136968404054642,-0.01649761199951172,0.004841145593672991
0.30805906653404236,AUD1_0077,0.9523099660873413,Audience 1,-0.00488606421276927,-0.018136844038963318,0.009284263476729393
0.3086177706718445,AUD1_0078,0.9522335529327393,Audience 1,-0.005442462861537933,-0.01812647096812725,0.009416813962161541
0.3081967532634735,AUD1_0079,0.9523572325706482,Audience 1,-0.004974254872649908,-0.01731405034661293,0.01204636599868536
0.30757811665534973,AUD1_0080,0.9524589776992798,Audience 1,-0.004773398395627737,-0.005197776947170496,0.008135048672556877
0.3078748285770416,AUD1_0081,0.9524012804031372,Audience 1,-0.005065949633717537,-0.0076688420958817005,0.007295495830476284
0.3069632351398468,AUD1_0082,0.9526461958885193,Audience 1,-0.004151823930442333,-0.007669494953006506,0.007402042392641306
0.30684787034988403,AUD1_0083,0.9527120590209961,Audience 1,-0.004095287062227726,-0.007781993597745895,0.003150621661916375
0.30486539006233215,AUD1_0084,0.9532520771026611,Audience 1,-0.0020848149433732033,-0.007730608340352774,0.0056443652138113976
0.3056058883666992,AUD1_0085,0.953106701374054,Audience 1,-0.0028715378139168024,-0.006167805287986994,0.003078780137002468
0.3051493167877197,AUD1_0086,0.953213095664978,Audience 1,-0.0023265467025339603,-0.009100816212594509,0.006827980745583773
0.3065846264362335,AUD1_0087,0.9528261423110962,Audience 1,-0.003538327757269144,-0.012158319354057312,0.01228407397866249
0.3071768283843994,AUD1_0088,0.9525852203369141,Audience 1,-0.004249381832778454,-0.010010060854256153,0.01034077350050211
0.3072485327720642,AUD1_0089,0.9525650143623352,Audience 1,-0.004099640529602766,-0.01350101362913847,0.01387193612754345
0.3076845407485962,AUD1_0090,0.9523758888244629,Audience 1,-0.004814770072698593,-0.00449594808742404,0.0106070376932621
0.30893474817276,AUD1_0091,0.9520426988601685,Audience 1,-0.006080297287553549,-0.006135906558483839,0.009815447963774204
0.30762389302253723,AUD1_0092,0.9524523615837097,Audience 1,-0.004777783993631601,-0.006371732801198959,0.009427541866898537
0.3071025609970093,AUD1_0093,0.9525555372238159,Audience 1,-0.004340956453233957,-0.00754240108653903,0.004454219713807106
0.3071015775203705,AUD1_0094,0.9525370597839355,Audience 1,-0.004247004631906748,-0.009970342740416527,0.007591702044010162
0.30708742141723633,AUD1_0095,0.9526063203811646,Audience 1,-0.004307062365114689,-0.00796767883002758,0.005444261711090803
0.3062567412853241,AUD1_0096,0.9529110789299011,Audience 1,-0.0034316759556531906,-0.010252493433654308,0.0056668599136173725
0.30686500668525696,AUD1_0097,0.9527416229248047,Audience 1,-0.0037870602682232857,-0.01240223366767168,0.012940178625285625
0.30789414048194885,AUD1_0098,0.9524116516113281,Audience 1,-0.004884811583906412,-0.009455475956201553,0.013014016672968864
0.3067513406276703,AUD1_0099,0.9524109959602356,Audience 1,-0.003608417697250843,-0.010243864730000496,0.015670517459511757
0.3054417669773102,AUD1_0100,0.9530670642852783,Audience 1,-0.0011981005081906915,0.023454030975699425,0.015036557801067829
